timestamp,interaction_step,episodic_reward,episode_intervention,intervention_rate,policy_freq_hz,policy_freq_90p_hz
0.0,77,1.229517,,,74.30310489203994,126.88406500128495
6.0,131,1.160532,,,155.3058755402145,137.78818899203884
12.0,183,1.188502,,,153.1985572559657,133.699389783371
18.0,229,1.135382,,,153.88061281015985,132.7760986027716
25.0,284,1.188709,,,152.2270406416261,134.19591245140305
32.0,341,1.332088,,,153.6917515038793,135.64778845544106
35.0,369,0.036669,,,154.44770815113915,137.57231230701305
42.0,423,1.212666,,,154.0338065184393,136.14971545417913
47.0,461,1.167342,,,152.8240486655496,132.54231900635952
58.0,560,0.309366,,,150.4236038083383,132.70427261681394
69.0,659,0.249085,,,155.33304617953354,133.00789670537534
80.0,758,0.302555,,,154.0260071544963,134.05420176106725
91.0,857,0.294378,,,150.3607987102239,131.017015390528
95.0,883,1.117885,,,147.34077026069332,129.98155951703885
104.0,967,1.252842,,,149.35498754956797,131.70796571893672
109.0,1011,1.140745,,,155.81181854520347,141.15111785509964
116.0,1070,1.211643,,,151.08275917624564,132.7387169776198
122.0,1113,1.160413,,,149.28268316788098,130.3598053169702
130.0,1185,1.303618,,,153.56935132479487,136.0124503614815
139.0,1260,1.182954,,,151.84068874947397,132.32773780185707
144.0,1307,1.183484,,,150.17237903962712,131.41869264804103
151.0,1360,1.168288,,,150.1328796372018,128.50669387461622
157.0,1415,1.188456,,,151.14540197849777,130.44078288558944
164.0,1468,1.151991,,,147.54566814712186,127.18680218230858
170.0,1523,1.194174,,,152.04352622475963,133.14207740268031
176.0,1569,1.145466,,,153.10394585723228,134.54446674413708
183.0,1630,1.214705,,,152.98761973527343,129.540508160032
189.0,1676,1.159646,,,153.24179690009998,133.47546690914214
197.0,1743,1.213060,,,149.2934286289093,131.18015279969748
204.0,1810,1.183542,,,147.81042591913615,126.55356203566363
212.0,1877,1.210443,,,146.38252022119963,129.47633348694
217.0,1916,1.158322,,,140.25185118387603,111.9403127086833
224.0,1974,1.199683,,,148.0507073366046,128.8902393157694
231.0,2035,1.216623,,,150.55573304978725,129.30439794154557
237.0,2087,1.158514,,,151.59095052412422,132.38358700377083
246.0,2161,1.222438,,,148.7396495542572,130.10266218816358
253.0,2218,1.182337,,,144.34352957768644,125.14711042774432
259.0,2270,1.181173,,,140.77800335461782,121.85162067155207
267.0,2335,1.202084,,,147.0647473776598,129.8753957285414
274.0,2403,1.236678,,,151.1905930140068,130.42849255297807
283.0,2481,1.259332,,,152.21980383555882,134.0774848256985
290.0,2534,1.190474,,,149.93127207053215,130.98416893705763
298.0,2603,1.225141,,,151.83747306284758,134.11838007272968
305.0,2666,1.218809,,,148.01055871625152,130.35093521780533
312.0,2726,1.229584,,,148.436936055881,133.0066459570831
317.0,2763,0.102793,,,149.6006739533158,129.19419590590073
322.0,2805,0.064256,,,151.7353796537996,133.2168023799951
331.0,2880,1.248881,,,149.43078675267705,127.51592425244151
335.0,2916,1.151327,,,152.55862489954137,131.88232008601418
340.0,2953,1.148668,,,147.5938736129341,131.9070244384784
345.0,2989,1.146742,,,148.6786764950994,130.51631274403377
349.0,3018,1.140506,,,141.01148931956462,116.66413194293071
356.0,3080,1.198799,,,156.35547256354894,134.457986545791
364.0,3145,1.186354,,,151.71826832514884,131.83852006736313
370.0,3196,1.160418,,,147.44016680737442,129.25215350550832
378.0,3264,1.236632,,,156.03239038771534,135.18053204798585
386.0,3338,0.202010,,,150.78211825773604,133.80824018917176
394.0,3402,1.229085,,,150.26687914244224,130.49784824748224
401.0,3465,1.205352,,,150.6264705540123,127.87930158217597
409.0,3535,1.182577,,,145.95061590341936,126.6563179142312
417.0,3597,1.180644,,,149.24122547505718,126.02893329617811
424.0,3658,1.195996,,,153.10720518598174,132.94594657008088
432.0,3728,1.250234,,,157.31877494623728,135.8859878520308
442.0,3815,1.235133,,,150.19950663789794,133.6260527834085
451.0,3894,1.255467,,,152.10488496713646,129.53023244568925
456.0,3940,1.157442,,,145.84681088656302,131.03263610081524
462.0,3990,1.183279,,,147.35278019117317,126.30814982379
471.0,4062,1.208676,,,147.44612921529668,128.20175880234302
474.0,4087,0.042314,,,145.42413985779157,127.13940334577677
480.0,4131,1.170138,,,143.3840461746981,121.78899508507226
483.0,4149,0.048561,,,141.5443382180647,120.60133902021384
488.0,4189,1.172168,,,145.58076238730078,128.28322802242843
496.0,4262,1.198576,,,148.5170817591365,130.1635624910964
502.0,4316,1.189879,,,157.57798711920935,133.1806638999959
512.0,4396,1.182064,,,154.29810010265902,134.63040211735682
519.0,4455,1.170751,,,149.7359842438363,126.40057525378447
525.0,4505,1.195582,,,149.11912128922455,130.49683839422565
530.0,4549,1.173973,,,149.93472796046555,124.18095365425678
537.0,4603,1.183408,,,153.01402911702712,133.5870900266729
544.0,4667,1.211716,,,150.56263999987112,124.78129426505461
549.0,4709,1.160304,,,148.26573411903487,129.79280033288507
555.0,4758,1.184302,,,150.84436797363935,130.50061052278676
561.0,4805,1.164678,,,147.36883111090864,128.67695359825336
569.0,4871,1.211682,,,145.5550620110503,125.31368364621106
577.0,4942,1.241338,,,155.07532353545872,131.81394040590752
582.0,4982,1.176945,,,146.6208637751743,131.71101018510208
590.0,5056,1.204745,,,148.0416734352316,127.6078368205434
595.0,5091,1.155822,,,160.4686425262299,140.77913423256675
604.0,5172,1.224991,,,149.36040472595573,130.03865659285407
612.0,5240,0.172074,,,150.98254477702494,130.65418905310298
620.0,5305,1.221289,,,151.99281000106444,132.8097618349302
628.0,5374,1.188876,,,152.91123749376993,133.78105392735156
633.0,5417,1.168533,,,154.21508820189982,136.71240462145434
640.0,5475,1.230473,,,145.43120971827267,118.29410811216532
647.0,5533,1.166741,,,145.6322697804087,127.1649078472151
654.0,5595,1.211162,,,150.54884499718798,135.26869103308735
660.0,5644,1.184816,,,146.46475641137528,117.76648789606045
668.0,5715,1.196505,,,146.31961791091967,127.91003320120123
677.0,5789,1.218575,,,146.8495862159062,125.1781613838128
685.0,5861,1.264571,,,154.8937019385453,133.34987582995416
694.0,5940,1.253014,,,147.81722937764903,128.39952838318248
702.0,6006,1.198917,,,150.6491997867516,132.36128090877287
710.0,6078,1.222640,,,148.08896192586403,128.47852721638864
719.0,6154,1.261016,,,147.17784421342006,124.1869326285172
725.0,6208,0.181021,,,153.36601597213865,135.37643631681982
732.0,6262,1.168387,,,144.31411140073138,122.84149074465036
739.0,6320,1.194775,,,148.98785664723243,129.88996761141925
747.0,6395,1.191516,,,151.38857629102625,135.7515646449014
754.0,6453,1.202044,,,148.7238366565448,125.87749991956025
762.0,6519,1.221897,,,147.78290642654335,128.63674571615402
769.0,6580,1.181177,,,150.9589939836498,133.5867384727279
778.0,6663,1.255626,,,153.78942820981155,134.56130028816202
783.0,6699,1.149241,,,153.25527812121592,135.4168295908775
791.0,6771,1.213919,,,145.1132288794361,125.0409759288727
799.0,6831,1.203794,,,150.42513603162254,131.0961151985033
807.0,6904,1.209625,,,142.31141145658327,116.11333283724902
815.0,6971,1.181445,,,153.78888823131902,132.7898122376745
823.0,7043,1.205787,,,150.64158565193443,132.3659447663882
829.0,7095,1.190853,,,151.3120380296898,133.47906577744556
835.0,7140,1.168813,,,156.06523339435907,137.45255550026903
843.0,7212,1.191970,,,145.47682633255093,124.739333774097
852.0,7289,1.198555,,,141.44730112965496,123.77727240096323
859.0,7353,1.212855,,,143.39191146823703,122.74558101089389
864.0,7384,1.150371,,,149.499401976122,130.0144628085503
871.0,7448,1.213220,,,152.42886948442492,134.81003890236758
878.0,7510,1.199728,,,151.42589202014122,130.72850512012533
883.0,7544,1.148738,,,150.85680408627576,127.82703876653761
890.0,7602,1.172513,,,150.03311787048767,128.96748643331114
897.0,7667,1.219971,,,146.57279345229583,126.89517950696546
908.0,7761,0.253722,,,149.15189385004874,129.3767089456782
914.0,7816,1.198061,,,147.21453241872038,128.65749786519882
920.0,7859,1.178458,,,149.12054511223533,125.94752210144121
927.0,7923,1.177329,,,147.20413349232177,126.8944581211589
932.0,7959,1.153781,,,146.91590999756045,130.53820575739502
939.0,8020,1.191620,,,152.79910041882053,130.62756617804496
946.0,8077,1.159619,,,149.2535214743357,131.95313520857374
950.0,8109,1.133950,,,149.32061081915543,131.82411072854183
959.0,8185,1.251980,,,145.94749772306,121.34227367037225
965.0,8235,1.169888,,,149.0798863954062,133.80140812563693
971.0,8287,1.166844,,,145.4823482505757,131.93113405881303
981.0,8371,1.303265,,,146.40948592508835,126.80985883899734
986.0,8412,1.170465,,,151.05597317548748,134.36002305506608
994.0,8486,1.222986,,,146.8455685701576,127.04011820003815
1001.0,8546,1.223258,,,150.72435941626688,128.97828855582668
1008.0,8602,1.192006,,,144.33819188945702,113.33800777105836
1017.0,8676,1.247473,,,146.23149877329143,128.21448293158565
1025.0,8745,1.220097,,,141.93085186909323,124.11427091565032
1030.0,8788,1.192267,,,155.23522361984698,136.45143045435012
1036.0,8836,1.198970,,,153.00091549071686,134.06432352557763
1044.0,8906,1.223615,,,151.75054617434435,131.59459154308564
1052.0,8973,1.239969,,,148.7054514615961,130.2448358043908
1059.0,9037,1.205534,,,145.9451197417759,131.09652423579735
1070.0,9136,0.238543,,,149.3844047488728,129.58004558537843
1078.0,9202,1.228151,,,151.77506806134573,133.20408097449612
1084.0,9251,0.120356,,,148.07030592050765,122.01067144447968
1091.0,9314,1.192176,,,145.38271020033238,127.34780969019712
1100.0,9388,1.238100,,,147.25359743107424,128.8761981340567
1108.0,9462,1.234581,,,144.83135130940596,126.34912276431183
1117.0,9522,0.152348,,,149.89120596523358,132.24283598538432
1125.0,9586,1.195199,,,153.3171363843735,134.67763339560264
1133.0,9663,1.216804,,,158.3546961870242,133.41917701089017
1142.0,9736,1.234204,,,152.1432609793105,133.94194050869888
1149.0,9794,1.192202,,,154.5993244383405,135.41510586848614
1152.0,9817,0.035914,,,156.265210380495,140.48938296491252
1158.0,9870,1.191660,,,150.98136118630723,127.12772723620577
1165.0,9923,1.189896,,,146.61174070796815,125.14471735024918
1171.0,9976,1.207219,,,143.4225831052224,122.7416186556366
1178.0,10036,1.210271,,,144.50142874328284,124.62516333618144
1186.0,10099,1.187509,,,152.58288714771132,133.07039687694157
1191.0,10141,0.116298,,,153.2981494612671,133.38214942164018
1200.0,10225,1.277484,,,149.22575655166924,129.5246472655477
1207.0,10284,1.207376,,,147.16840089478148,123.5425286393204
1215.0,10349,1.234921,,,147.40008574233607,129.05009861630475
1223.0,10419,1.206544,,,152.58331364415395,133.2874700023217
1231.0,10490,1.203168,,,147.3210883269912,127.16681119087939
1237.0,10536,1.176213,,,150.56261780801486,134.05774564114355
1244.0,10598,1.175545,,,153.48931100212744,133.45384749524783
1251.0,10661,1.199850,,,158.98581103844765,139.56892685545657
1260.0,10734,1.224388,,,153.09909061979837,128.13764566425203
1269.0,10818,1.217967,,,152.6282117460098,134.69966023610925
1277.0,10879,1.198862,,,149.45304729474316,129.24466959684932
1284.0,10943,1.169756,,,152.08632965700505,133.38409576296155
1288.0,10971,1.121475,,,143.06838990362712,122.07136750750522
1298.0,11060,1.249683,,,154.7994621831951,134.91931164034492
1305.0,11120,1.212580,,,154.2542072461487,134.32818579087825
1312.0,11180,1.166235,,,151.538582211861,132.23718930161118
1320.0,11249,1.214106,,,148.11336448389554,131.6344278117654
1328.0,11323,1.209223,,,142.9535846442611,118.68823390154384
1335.0,11380,0.143328,,,145.6505142022844,130.41635761060206
1345.0,11469,1.200041,,,147.83166215334205,124.76960357326028
1354.0,11544,1.225316,,,149.08028081255986,129.2840968112255
1358.0,11574,1.130562,,,152.6561133294794,134.13031599922047
1364.0,11627,0.146273,,,152.2912679574805,133.73857905753385
1372.0,11694,1.239742,,,153.86666351292925,135.0075712236628
1379.0,11754,1.207878,,,145.37387793025366,117.84481212239236
1386.0,11813,1.186541,,,146.96742129548,127.92830447377195
1394.0,11882,1.208559,,,145.95677707026522,121.293695265798
1400.0,11935,0.146053,,,152.0060576426834,131.50850034181394
1407.0,11992,1.178316,,,140.7656621719577,115.34806069682413
1411.0,12019,1.122994,,,148.94523192720087,132.74557486416816
1419.0,12092,1.257932,,,146.55947702683355,127.67201569958087
1426.0,12153,1.218050,,,146.9581012525106,125.44097206000845
1436.0,12242,1.250726,,,143.09039145002657,120.68826684035746
1445.0,12314,1.226368,,,151.50557592897232,133.83105817777468
1452.0,12378,1.232499,,,148.25505548638318,130.2725536281217
1459.0,12432,1.212674,,,135.14778816010184,112.06016106450228
1463.0,12460,1.132540,,,146.44865490073866,129.95407514167155
1469.0,12513,1.180969,,,150.63470501394903,129.17629880168133
1474.0,12553,1.157421,,,149.32189623169864,131.03335723121302
1478.0,12582,1.124628,,,144.83457140084286,125.04227366609416
1484.0,12630,1.179054,,,146.35205118161966,130.52022398123498
1490.0,12687,1.198431,,,145.09603098184567,125.4314717198673
1496.0,12728,1.161369,,,151.82443910558214,130.88642042408776
1502.0,12783,1.182697,,,152.3871591176767,134.85404463880099
1507.0,12824,1.160728,,,149.7007540346597,130.0215289589319
1514.0,12885,1.211838,,,151.0515261324005,133.0139756486473
1521.0,12945,1.221888,,,151.92237368259381,132.50195423749014
1530.0,13022,1.208594,,,151.32083733812289,131.21006408394973
1539.0,13099,1.292789,,,151.71610878479547,133.53154755877233
1547.0,13168,1.209624,,,145.64249711554598,120.55391437225457
1554.0,13227,1.202120,,,150.5980573021296,133.0199065137089
1563.0,13306,1.241281,,,147.38501273552743,128.11067122063733
1571.0,13379,1.248686,,,143.0295508454923,124.23845862617571
1577.0,13428,1.203719,,,146.71407275837663,131.01003971930578
1586.0,13508,1.242887,,,148.81786380990027,127.83204710169274
1597.0,13602,1.227975,,,145.69341095726122,126.99054988180714
1602.0,13642,1.168223,,,144.72748875811365,127.53104650632916
1610.0,13709,1.244671,,,146.87906013057778,130.51570120407547
1616.0,13760,1.186977,,,148.40640590220596,121.5407231280789
1623.0,13824,1.215469,,,150.87476244355057,128.2808533806099
1628.0,13863,1.157459,,,144.76650326754498,122.7580573230506
1636.0,13924,0.152910,,,142.61089525484374,119.87633557344503
1642.0,13981,1.175739,,,145.4439873810692,120.98115133277672
1651.0,14056,1.244806,,,144.16868104729238,116.39401291694577
1657.0,14111,1.157477,,,147.32968600608012,128.68664393110384
1665.0,14177,1.178036,,,148.9387292988989,128.99666330977598
1673.0,14249,1.205741,,,150.467001925892,133.4852751750435
1680.0,14308,1.177773,,,154.50227768248578,134.24004789710636
1688.0,14376,1.192991,,,149.0981914290649,127.55207791839237
1699.0,14475,0.226592,,,147.0545204588766,125.33002214413513
1705.0,14523,1.159666,,,153.55276520406693,133.1850894503937
1711.0,14566,1.167180,,,144.01863303713046,129.32505666519506
1720.0,14646,1.249582,,,141.16934112126717,125.2183400864098
1729.0,14728,1.239938,,,146.12148955078328,119.355664650007
1737.0,14802,1.221165,,,155.56574459790403,136.03807129025296
1748.0,14893,1.282047,,,154.41797732138807,135.55221464178865
1756.0,14970,1.233252,,,144.79609582535218,124.75044297343611
1767.0,15067,1.213522,,,142.61216330455883,116.5725886991832
1776.0,15141,1.183094,,,148.49097918554907,131.63683466625145
1783.0,15200,1.190704,,,153.1509980704287,130.68286869619155
1789.0,15255,1.197742,,,146.05315267824176,130.14782137092314
1798.0,15329,0.196066,,,145.48301122518288,124.31473367962381
1806.0,15398,1.219729,,,147.00300656245648,125.7461303821612
1812.0,15445,1.170212,,,148.61819012479688,130.08692564572746
1822.0,15533,1.239729,,,150.13093575733637,130.29783505085356
1830.0,15605,1.194103,,,152.04805434822197,134.13038077004748
1837.0,15662,1.171066,,,141.231201832397,120.38383663850782
1843.0,15710,0.124208,,,149.9230651058442,129.5465511881478
1847.0,15740,1.145612,,,152.95773219571763,132.0462242088737
1852.0,15784,1.169557,,,146.1692342473272,126.32475348028926
1858.0,15830,0.107288,,,144.83662683577472,129.2287441207105
1863.0,15868,1.155654,,,145.74339687341006,128.29471245414027
1870.0,15928,1.194496,,,142.85921499606812,127.27967118820428
1877.0,15989,1.217313,,,143.9964471308529,123.59905110647422
1885.0,16062,1.202631,,,144.38776648813274,121.3390315425882
1894.0,16135,1.215300,,,150.78146947788,130.54326178433155
1903.0,16213,1.209767,,,149.31388232383102,131.09922082231535
1911.0,16282,1.200701,,,143.78168139531445,128.09978748490042
1918.0,16349,1.193859,,,147.955080263261,130.1784058610018
1923.0,16384,1.146738,,,149.52819943977948,130.43575350004488
1933.0,16475,1.251673,,,147.44955078028292,127.54514747414439
1941.0,16548,1.194334,,,145.77736239720736,126.9994346507677
1949.0,16613,0.155748,,,145.98698739822743,122.20735121736249
1955.0,16659,1.168981,,,140.02080916160284,118.00202975328841
1966.0,16758,0.251537,,,148.17275358377609,126.90852012223819
1975.0,16843,1.262237,,,149.1302685019083,131.88959943913247
1983.0,16910,1.245531,,,146.59371058006286,126.6077987671401
1990.0,16966,1.188834,,,149.484217121264,124.80631619899705
1997.0,17029,1.194317,,,145.51851144499796,126.22895883533808
2005.0,17099,1.251621,,,148.49537905718094,131.0393772161055
2013.0,17163,1.167224,,,144.42646502967972,125.77884303584595
2021.0,17238,1.246083,,,152.45813681443278,131.4537826137279
2032.0,17335,1.251699,,,148.7369260244101,126.11580008400624
2039.0,17391,1.199741,,,155.18888990347259,133.83723050587432
2046.0,17446,1.183129,,,150.9350846995938,130.3290777964
2052.0,17503,1.185532,,,150.79479930760695,132.28436418157477
2059.0,17561,1.187892,,,144.21725902388616,124.13194222633034
2065.0,17608,1.148500,,,147.04659372443697,129.52470262826037
2072.0,17670,1.202854,,,146.15366882933475,131.97789397094434
2083.0,17765,1.315692,,,146.22871795715713,125.30412249935611
2090.0,17824,1.181010,,,147.92660961827886,124.76295973150832
2097.0,17889,1.192737,,,147.04748856328496,124.57934227991943
2105.0,17955,0.158638,,,152.83431586018565,136.2868418198718
2111.0,18004,1.161714,,,149.3029212664016,128.3286329927049
2121.0,18095,1.257997,,,155.23374379862273,138.12482838160577
2130.0,18167,0.159670,,,147.58945888151771,131.3745372346461
2136.0,18216,1.171537,,,140.5385803801824,118.42984667123008
2143.0,18283,1.208587,,,154.40144668252313,136.05305938552638
2154.0,18382,0.248667,,,145.47015182400494,126.1214562230682
2162.0,18446,0.129921,,,140.78950690149446,120.66754055823198
2173.0,18545,1.238545,,,145.3439422652505,122.05863408661986
2181.0,18608,1.200392,,,150.2348231101222,130.5997516766925
2184.0,18630,0.039822,,,152.08681463739467,132.1851659260705
2188.0,18664,1.133458,,,142.40285680269128,109.22012602862134
2196.0,18730,1.204865,,,150.1745283993159,130.06038963857816
2201.0,18773,1.180085,,,148.1977582737231,131.73439048600028
2206.0,18813,1.158687,,,138.0449763300993,114.53432314017051
2216.0,18905,1.270283,,,145.2654222762933,115.60059642240246
2225.0,18982,1.212748,,,150.3006674082957,131.34532551466043
2232.0,19034,1.167552,,,141.90401297611498,117.83991840465838
2239.0,19095,1.161905,,,146.65997486818847,125.37526383343857
2244.0,19139,1.179990,,,144.24709569449826,121.82970923533829
2255.0,19238,0.181823,,,137.91838269280592,105.70051994195957
2261.0,19285,1.161891,,,142.38000625076313,120.98192414017446
2271.0,19366,1.212311,,,150.13467330436882,129.46197158384683
2278.0,19426,1.224836,,,144.60529660138852,125.74789029313477
2285.0,19481,1.156084,,,143.7836751498261,112.14600692323918
2294.0,19565,0.107192,,,142.96924703790944,120.12515166760404
2305.0,19664,0.130893,,,139.62236210003468,113.24288578945419
2313.0,19731,1.190037,,,143.66799460357672,124.13854676070707
2321.0,19803,1.243272,,,149.36434672672604,126.56674120767734
2328.0,19855,1.177513,,,142.66893313755628,123.81742441983967
2336.0,19926,1.181218,,,139.70230473750203,106.35031559642054
2344.0,19993,1.232997,,,150.46494228651798,118.43025060899045
2352.0,20068,1.205126,,,143.86353818353194,124.32539795751802
2358.0,20116,1.162377,,,141.1370406355634,119.09052140965356
2367.0,20190,1.174779,,,146.49742658404676,124.45393657397317
2375.0,20261,1.183347,,,151.8894855180222,131.82947540423868
2386.0,20360,0.275204,,,147.90158154973702,127.38642544851676
2393.0,20422,1.222195,,,152.24814111183346,135.11346950505592
2401.0,20484,1.212543,,,152.34387277204394,132.847524106171
2408.0,20543,1.230439,,,148.66030482773473,133.22695072591063
2417.0,20626,1.206452,,,156.46184733879113,136.77392332297032
2422.0,20662,1.140130,,,155.04702686217934,137.3769977897156
2426.0,20698,0.045644,,,152.34190900334738,133.21451486468328
2434.0,20763,1.197205,,,152.867551142814,130.9074644225477
2442.0,20832,1.200197,,,150.22001222876415,131.5731062153228
2449.0,20890,1.154669,,,146.73084103706356,120.39313125016511
2460.0,20989,0.140772,,,151.91220430849987,132.84081273689293
2471.0,21088,0.100312,,,147.67252813777057,126.18614662218279
2482.0,21187,0.125134,,,146.71278751569594,121.64066791864713
2488.0,21230,1.139828,,,147.61056547167263,131.7202589434545
2493.0,21271,1.174383,,,145.3366081811621,128.63308057553036
2501.0,21344,0.158124,,,146.07032789644066,123.77584145614887
2508.0,21402,1.188045,,,145.18641572780086,126.61561525270635
2514.0,21454,1.191912,,,145.70455327429022,125.39649116586043
2525.0,21553,0.095878,,,143.6449948194221,121.7487661630281
2536.0,21652,0.129686,,,147.70093183051807,130.3567465237396
2547.0,21751,0.119924,,,142.7794527040296,122.41833803116789
2559.0,21850,0.103294,,,133.92119724734988,105.09151137903837
2570.0,21949,0.109054,,,93.99979073557587,64.69316458941135
2574.0,21977,0.052709,,,87.86764867676678,67.11840125055153
2585.0,22076,0.084064,,,124.02374334667459,90.00272096156179
2596.0,22175,0.177903,,,143.5676109005798,127.65929959378214
2607.0,22274,0.166988,,,145.63523885372524,127.54597062851997
2618.0,22373,0.127414,,,143.76204026186332,123.41446962974217
2626.0,22437,0.076286,,,147.30409195148826,129.1624054345987
2637.0,22536,0.223926,,,144.4182815568643,124.50247875482792
2643.0,22586,0.115114,,,146.3067885637967,125.11641926562226
2654.0,22685,0.129770,,,140.8681786958055,123.57975044770994
2665.0,22784,0.105419,,,141.92189721471013,121.22791757649914
2676.0,22883,0.104981,,,148.1155775713257,131.01261774973403
2687.0,22982,0.138250,,,137.453154246695,114.9093503112478
2698.0,23081,0.230440,,,138.86514057312078,112.19095654637054
2710.0,23180,0.141400,,,144.85617669908348,124.2399558591077
2721.0,23279,0.163553,,,143.09288125506365,120.92857082930061
2724.0,23300,0.058040,,,141.7537911354945,131.6099276494852
2735.0,23399,0.104262,,,141.1534027500935,119.52278472427541
2746.0,23498,0.172465,,,137.9868428797511,110.2379238643687
2750.0,23526,0.044099,,,133.85933486439123,113.20949565362893
2758.0,23594,0.083250,,,141.7048109444291,121.54612702382948
2769.0,23693,0.101935,,,126.20531751133622,95.33408304072067
2780.0,23792,0.323005,,,138.65243358107398,117.9616166537192
2791.0,23891,0.124595,,,134.51168431164396,103.60692378372116
2802.0,23990,0.367296,,,131.12323331121635,110.28711441267791
2816.0,24089,0.126385,,,27.576418391838935,120.35401314578014
2828.0,24188,0.153950,,,145.44288630441142,127.58122982491183
2840.0,24287,0.296676,,,150.37632632658512,131.0597369724298
2851.0,24386,0.144623,,,143.7383462414562,118.60071742603489
2861.0,24473,0.188766,,,147.3908233519586,133.2318071446537
2865.0,24502,0.054500,,,150.37228678132578,135.4950833163249
2876.0,24601,0.087826,,,139.6252949856711,117.81338360243075
2887.0,24700,0.156765,,,142.58380948889575,123.57836377055634
2899.0,24799,0.168199,,,143.94598644099023,122.94660119728891
2906.0,24863,1.212809,,,144.03655694680674,118.4468664131459
2915.0,24942,1.208629,,,146.23528909977432,126.1194106660715
2924.0,25013,1.190982,,,150.62690120656492,129.74939552522974
2933.0,25097,1.274633,,,144.10464772528496,124.03600765183192
2942.0,25180,1.218361,,,148.60711402520892,126.61395120206409
2947.0,25209,0.090032,,,147.58082258523822,128.11466282965173
2954.0,25274,1.211829,,,144.0046937915709,124.97385859122419
2962.0,25347,1.227805,,,141.91351242364408,125.17319589104058
2973.0,25442,1.190885,,,143.73981447466073,121.18468499904142
2977.0,25475,1.143266,,,144.38356212500216,125.53818848834925
2983.0,25518,1.166427,,,146.3544790837972,130.4073879855487
2991.0,25587,0.167156,,,145.35871487743157,127.94439392866924
3002.0,25686,0.159096,,,137.72275756997007,118.05623060814017
3013.0,25785,0.093275,,,149.19765884578908,126.8235225065261
3024.0,25884,0.149487,,,144.5367578010306,128.12913448461666
3032.0,25954,0.297114,,,152.48081648674003,133.6028280546191
3043.0,26053,0.262595,,,148.6515868607396,132.7565679984364
3054.0,26152,0.067711,,,136.88893653304822,114.35177170991705
3065.0,26251,0.117270,,,147.94017470251924,122.97331975463256
3074.0,26323,0.081893,,,146.80034847408726,127.6794930091362
3085.0,26422,0.101411,,,150.46523828956774,134.17933944167544
3096.0,26521,0.274153,,,146.91859941676975,129.4391814452676
3107.0,26620,0.139003,,,151.11954856917922,134.78110523938494
3118.0,26719,0.219384,,,139.0061942819445,110.0936209737319
3129.0,26818,0.347941,,,149.04363240113713,130.57666835531862
3140.0,26917,0.136135,,,149.85042815714826,129.33782242593895
3151.0,27016,0.134087,,,146.36634742419193,124.25794089532488
3155.0,27046,1.119711,,,152.88679313852754,130.53702828554987
3166.0,27145,0.099787,,,143.63743654684762,122.78118739411588
3177.0,27244,0.078325,,,141.21159617991572,117.79211218766628
3188.0,27343,0.226690,,,141.29606619782692,124.86683576458216
3199.0,27442,0.130048,,,148.04710015921938,131.4857136148092
3210.0,27541,0.156687,,,134.74595548790072,109.10593317378431
3221.0,27640,0.118743,,,140.53665893593762,119.2260152331938
3232.0,27739,0.271462,,,141.5009044673393,118.59473962127956
3243.0,27838,0.209596,,,154.429954028795,133.51991584487374
3255.0,27937,0.378163,,,147.3979327040553,129.10653346697117
3260.0,27976,1.128296,,,144.53114814644852,129.96208564436014
3264.0,28007,1.135403,,,149.09271981930425,125.97277753297222
3271.0,28070,1.176103,,,147.54738688620301,126.41910182513352
3278.0,28127,1.160692,,,148.92240103268045,113.85721298933926
3284.0,28174,1.179310,,,155.90330949669183,133.2188432794197
3289.0,28220,1.181552,,,145.40680972011657,130.0590702255456
3295.0,28270,1.197651,,,147.2137083712829,123.64797278449106
3303.0,28334,1.218330,,,148.98761229717178,129.98895157957924
3310.0,28400,1.226349,,,149.57630234548856,129.69805256031884
3317.0,28455,1.210471,,,145.61367824445583,126.29457624319444
3322.0,28491,1.145019,,,145.36631602913204,123.58962608806095
3329.0,28552,1.200481,,,145.74093024604238,124.3025693608291
3338.0,28632,1.199348,,,146.59784391387865,126.05109756720594
3345.0,28691,1.193322,,,149.3034006929559,130.77400583178758
3352.0,28753,1.189555,,,147.5771982393095,124.11209124572744
3363.0,28852,0.086448,,,145.79318384714549,118.28062551377583
3369.0,28900,1.153348,,,149.32535225983116,131.69598177856025
3376.0,28962,1.182640,,,151.276089082019,126.65712802727732
3385.0,29035,1.236973,,,151.78488124934398,131.73968365415854
3392.0,29102,1.198173,,,149.29017723564192,127.16762623990886
3397.0,29133,0.074115,,,156.26069802762194,133.32945788807731
3403.0,29187,1.204642,,,153.13384196261762,130.80838614455465
3411.0,29258,1.208736,,,154.90215895293244,132.9866990714326
3419.0,29322,1.195167,,,150.24559826217032,129.58560531400227
3422.0,29347,0.072590,,,147.74634113989052,130.55281937648175
3430.0,29415,1.200555,,,142.95030561380105,121.68761594498655
3438.0,29479,1.200097,,,145.7029066568629,128.3781523274604
3446.0,29548,1.200222,,,149.0838837474773,129.3865535091855
3453.0,29607,1.185094,,,150.08004251859856,129.2928055907562
3459.0,29662,1.185492,,,148.80607985007137,127.4882779691279
3467.0,29729,1.233086,,,150.06800656347576,131.5300147459318
3474.0,29787,1.227194,,,150.66109634504252,132.03765486876438
3482.0,29857,1.190153,,,153.062346127845,133.94160502842664
3488.0,29905,1.162317,,,151.76356806815082,133.4000920710006
3495.0,29969,1.190191,,,150.13738192276148,131.1634285294339
3505.0,30061,1.278245,,,151.1414371377276,130.95582508575404
3512.0,30117,1.177096,,,149.13890591227943,131.8337942355507
3519.0,30176,1.205935,,,149.92224841836853,131.95142541804577
3527.0,30247,1.209885,,,146.92753367456461,126.48493311661933
3536.0,30320,1.213902,,,151.2670976506231,125.64938745594674
3543.0,30385,1.189998,,,137.7351264687721,113.29088309150406
3553.0,30469,1.186487,,,143.98185466645396,124.54535341153684
3560.0,30531,1.185040,,,150.5207361963086,124.94132443326232
3566.0,30580,1.190914,,,149.96053054015673,133.61762532363514
3571.0,30613,1.133792,,,144.9938258548228,127.0490470326489
3579.0,30682,1.223065,,,149.75900845566343,128.98091202281313
3588.0,30770,1.258200,,,155.039539257131,135.54339735496094
3596.0,30835,0.158826,,,150.39554502713446,126.60995317818104
3604.0,30901,1.212983,,,145.17574052327447,126.10001773851809
3612.0,30976,1.240854,,,148.41696183007585,123.71799699317549
3622.0,31066,1.294673,,,151.57802500758322,124.38081365232584
3632.0,31155,1.241820,,,148.73901155153794,131.5417349086206
3641.0,31233,1.226352,,,145.97917596640568,123.22903244820591
3650.0,31303,1.212647,,,150.06966330332966,126.88813188071495
3657.0,31370,1.226598,,,147.5486302514596,127.61523822340445
3663.0,31412,1.148864,,,146.23227325266677,124.9779648191533
3672.0,31494,1.263128,,,142.28767955133006,122.42911109311237
3680.0,31568,0.154641,,,148.5741371188661,121.22455076760333
3691.0,31658,1.282030,,,142.90430490816738,121.54006281761568
3699.0,31735,1.219031,,,150.03798240831753,125.01739305001401
3707.0,31805,1.250012,,,149.60628285455238,130.9858657779944
3712.0,31836,1.141909,,,148.02634563362255,128.37514297088885
3718.0,31885,0.138421,,,153.17078944974614,130.95499506279245
3725.0,31947,1.228235,,,152.66250913644487,132.09313553878448
3734.0,32027,1.214521,,,142.84070316698757,120.01439213262802
3741.0,32088,1.233169,,,149.22838697922722,129.67716351596962
3746.0,32121,0.088139,,,147.1257486972315,120.6784533026328
3751.0,32164,1.159327,,,152.85070311607052,132.53897952610453
3758.0,32222,1.217789,,,152.17110358075146,129.97170190897452
3766.0,32296,1.228481,,,146.801635639531,122.87154537362161
3774.0,32365,1.182522,,,146.08806120091282,128.6999763039103
3780.0,32413,1.170065,,,141.94649987473338,117.67485085452198
3789.0,32488,1.171363,,,149.11369829722398,127.37709867835939
3796.0,32550,1.188653,,,145.30755863425745,124.70208204812138
3802.0,32604,1.192411,,,147.1765326915084,118.25177754740936
3806.0,32633,1.133085,,,151.32021092004717,130.20226400723467
3814.0,32697,1.184248,,,148.1195456472592,120.17170806977614
3822.0,32768,1.196291,,,157.9705256917432,134.73039773806713
3829.0,32829,1.226607,,,153.86349249651508,128.81382306402884
3836.0,32884,0.159078,,,149.43132834789677,127.84874163605785
3843.0,32942,1.206010,,,145.74244553852589,127.34034685625168
3851.0,33013,1.180463,,,146.48195707215717,121.14061153908912
3862.0,33112,0.213665,,,145.63918823322427,128.636753989397
3869.0,33176,0.153452,,,157.9905185939579,137.73316607312785
3876.0,33229,1.171867,,,151.94342390428648,133.8553621100544
3884.0,33299,0.208153,,,148.3477601862129,126.86868052210893
3890.0,33353,1.167065,,,151.6219680009377,130.82418476595277
3901.0,33452,0.156540,,,154.18227503995982,135.88238543441386
3912.0,33551,0.328942,,,147.90074279517322,127.43232628781026
3917.0,33584,1.159010,,,149.1793562280504,130.14110731834543
3928.0,33683,0.166645,,,146.66004871274885,123.11793005939387
3939.0,33782,0.118842,,,154.52242393620898,129.83437651073172
3950.0,33880,0.307085,,,149.8443836257143,127.07365461285963
3961.0,33979,0.219826,,,151.35268827894433,132.1064204848505
3972.0,34078,0.145773,,,148.6282778718757,127.61372693128118
3983.0,34177,0.183509,,,150.12258760215045,128.39271324745107
3994.0,34276,0.126990,,,142.8107386390311,115.68866477381236
4005.0,34375,0.129715,,,155.1748751879884,131.32174336307116
4016.0,34474,0.090504,,,148.6444459837625,128.63316330404595
4027.0,34573,0.172264,,,151.2368516354476,131.48161982957032
4038.0,34665,0.167253,,,143.88464140230042,110.59539128689262
4049.0,34764,0.144403,,,146.20520232680147,120.21381325244805
4060.0,34863,0.126798,,,148.0028455666666,124.20236311319665
4067.0,34918,0.116857,,,151.74702305565546,130.22512355240931
4072.0,34956,0.111506,,,140.96189219838766,124.4979092672809
4077.0,35003,1.181360,,,144.9768104644566,125.57527918537633
4088.0,35102,0.159037,,,146.6250286344184,115.91688880138815
4093.0,35138,0.068366,,,144.13072714703637,118.25305004840403
4104.0,35237,0.217446,,,151.6710235512621,129.16758235040965
4114.0,35328,1.275490,,,154.55746072547885,134.53767875116057
4119.0,35369,1.166678,,,150.93483107206325,133.2937362110937
4125.0,35415,0.086171,,,144.38836261005707,120.33892737156876
4130.0,35458,1.169780,,,155.68808706938563,136.28370472796914
4138.0,35519,1.172479,,,151.4868370985286,132.05716807752523
4144.0,35571,1.199324,,,155.73835271412773,138.3146238552894
4153.0,35649,1.226656,,,144.5763757427746,125.25622883266104
4160.0,35705,1.170041,,,146.28183381661185,123.6252333181367
4166.0,35761,1.188140,,,153.41687488515186,132.66051458940444
4174.0,35826,1.184288,,,155.11119153147573,131.105765961964
4181.0,35887,1.218339,,,147.28626398860993,127.10495336644067
4187.0,35935,1.181716,,,149.24875360011958,129.94119927155268
4194.0,35997,1.200295,,,147.44094176956392,127.4875530780831
4200.0,36048,1.167940,,,152.8567785474205,134.8666047876525
4207.0,36101,1.197764,,,146.98767195167156,121.58806561641414
4215.0,36169,1.219250,,,142.59275820887163,125.12633536626252
4221.0,36222,1.184605,,,147.43540890882107,127.67165708491412
4231.0,36296,1.241143,,,151.17154422718465,130.60212765609447
4236.0,36339,1.175133,,,142.822107788172,112.46055024203461
4247.0,36438,0.414799,,,144.32490611858768,116.81407824678512
4254.0,36500,1.183355,,,154.62565592528193,132.9722657589117
4261.0,36554,1.178284,,,152.47302608159362,129.38349501770963
4268.0,36616,1.185573,,,145.99086296867046,130.36727785756577
4277.0,36696,1.283999,,,151.40021695866758,130.5967583653586
4284.0,36756,1.199883,,,148.44676843298697,125.24120516741
4292.0,36817,1.190832,,,145.56326798201977,122.41731596784999
4298.0,36874,1.195743,,,148.89339023540953,127.05552008270486
4306.0,36936,1.205234,,,154.10491473509876,136.9019622640185
4313.0,37002,1.208914,,,141.14220971214158,118.25658106325074
4321.0,37071,1.235656,,,150.73389482502233,130.2368938684725
4330.0,37141,1.253050,,,148.06125107898686,124.17697364025022
4339.0,37224,1.184908,,,146.63820182333367,125.39523952817682
4347.0,37267,1.205055,,,144.81871768071753,117.28972532383845
4358.0,37366,0.173299,,,151.1637635490045,128.69145652674393
4369.0,37461,0.359514,,,148.6262974313193,129.81193029454602
4380.0,37560,0.312538,,,146.77074756616224,126.27697911132594
4392.0,37659,0.288511,,,147.50733082979272,124.58063355739363
4403.0,37758,0.213070,,,150.48045582324585,131.65245793645957
4409.0,37811,0.084727,,,150.32771427369957,129.83753221782942
4420.0,37910,0.162819,,,149.11943729517225,131.2698862275257
4432.0,38009,0.137055,,,149.1134581357243,128.69005212441206
4443.0,38108,0.303294,,,149.49254506388974,126.83267187140424
4454.0,38203,0.259304,,,149.94373590095557,130.82798440712386
4464.0,38293,1.258626,,,153.33128782652045,133.7260993712248
4472.0,38358,0.156167,,,146.10402841478538,124.99698757614968
4479.0,38419,1.209978,,,149.96458365102626,132.8674645647301
4491.0,38518,0.177091,,,147.80380984051655,124.16852718178376
4502.0,38617,0.176596,,,152.12946117596567,129.41565235203697
4513.0,38716,0.103972,,,153.48193584632918,131.87644327613967
4524.0,38815,0.082974,,,148.9610997006514,126.20006481042016
4535.0,38914,0.189038,,,152.1439131315558,129.75116659337073
4546.0,39013,0.150655,,,148.86991046481282,127.36433093988795
4553.0,39063,0.107239,,,152.32220022867472,133.27736750021128
4564.0,39162,0.204707,,,152.03221227576748,129.33114150585502
4575.0,39261,0.275895,,,151.69920997385736,132.2118035158995
4586.0,39360,0.099398,,,150.66020511648594,134.1418761694157
4597.0,39459,0.124224,,,151.93401713752206,130.95401070498775
4608.0,39558,0.092439,,,148.64108268241083,130.29955999909222
4619.0,39657,0.071102,,,145.90501439166718,121.57043127034272
4631.0,39756,0.306454,,,152.891758819953,127.72402782124385
4642.0,39855,0.142711,,,148.13820044295124,121.36145316789523
4653.0,39954,0.162504,,,152.28069762528852,128.85127439941203
4659.0,40006,0.150407,,,151.28963077941657,129.47589426548302
4670.0,40105,0.186625,,,154.3434347215959,133.2362733737061
4681.0,40204,0.279216,,,148.47986583421215,129.74834840596785
4693.0,40303,0.075876,,,153.7761456736114,135.48385225843646
4698.0,40349,0.112187,,,153.55409549867818,129.16714189654363
4707.0,40420,0.092037,,,147.18810639147787,127.27852422265835
4718.0,40519,0.079787,,,151.8624808107809,132.04299161722176
4729.0,40618,0.217117,,,141.36432517886453,116.17639954422344
4740.0,40717,0.105747,,,151.9327083600449,132.21767005584073
4751.0,40816,0.079949,,,151.91075767741262,129.32615383920432
4762.0,40915,0.113712,,,147.58307645580015,124.75740610478076
4773.0,41014,0.239669,,,147.94368610014422,120.4915873683652
4778.0,41048,0.081198,,,153.63832151672673,135.29687340362588
4789.0,41147,0.504795,,,146.47211285984116,124.40746280504293
4800.0,41246,0.448124,,,140.76550336707874,115.75469829185288
4811.0,41345,0.530193,,,148.18676008491005,129.72350860136595
4822.0,41444,0.638352,,,149.54133384556658,130.18095465286285
4833.0,41543,0.473707,,,147.95054555313118,124.53930420751443
4844.0,41642,0.365461,,,147.94257493926665,125.28899158575507
4856.0,41741,0.506461,,,146.56794739949783,123.3829370544747
4867.0,41840,0.597329,,,148.4276879592304,130.76626940841072
4878.0,41939,0.334681,,,150.13292928888885,128.69981730346163
4889.0,42038,0.181895,,,146.71364568014678,127.03625781546343
4900.0,42137,0.373990,,,146.0743628269047,123.5233493859132
4911.0,42236,0.500052,,,143.1347480531859,119.09418487555762
4922.0,42335,0.322679,,,148.03102564575337,130.67234947604751
4933.0,42434,0.119360,,,143.9133258698729,110.08772098541213
4945.0,42533,0.272999,,,148.9914744515455,128.72843570287841
4956.0,42632,0.158764,,,151.6089188694339,131.2194785146622
4967.0,42731,0.125239,,,146.16359690082916,122.7089382297523
4978.0,42830,0.051186,,,147.53063161672776,126.88245668472055
4989.0,42929,0.164452,,,148.85540388720136,127.84294912572958
5000.0,43028,0.119638,,,133.58430991558794,130.06898676793494
5011.0,43127,0.178016,,,151.007149964137,129.16412546046493
5022.0,43226,0.235935,,,149.21814507670368,128.4203244533471
5035.0,43325,0.181523,,,34.0452286825678,12.34447861088127
5046.0,43424,0.214781,,,127.65568158750243,111.77488502071466
5057.0,43523,0.156094,,,141.46780267359483,127.44562093273868
5068.0,43622,0.219998,,,141.60360056013687,122.38245947995043
5073.0,43660,0.072790,,,144.15287123632666,126.56294959960914
5078.0,43701,0.090866,,,146.5301922088964,124.3257503699344
5089.0,43800,0.188271,,,143.9736587887258,126.20776413316524
5100.0,43899,0.127869,,,142.77702619627217,115.85869669076122
5111.0,43998,0.149815,,,143.5702450774461,124.56124235699406
5118.0,44052,1.218702,,,141.38653475260213,118.86836838225467
5129.0,44151,0.207972,,,145.3270317528434,126.86805922306219
5140.0,44250,0.150391,,,146.89249701554164,129.24306601830781
5146.0,44300,1.197713,,,142.84352333979857,124.22832932940463
5157.0,44399,0.116290,,,142.73869322195998,113.18686771070753
5163.0,44442,0.105400,,,152.5574321729045,132.44338793488598
5174.0,44541,0.174917,,,147.49569605370505,124.89668546116135
5181.0,44608,1.249521,,,149.01222299655146,130.7638447078252
5190.0,44683,1.209606,,,147.147187148045,125.94296330673454
5201.0,44782,0.262232,,,151.38376991065127,130.32726034817145
5209.0,44855,0.168863,,,148.01167462495462,128.73596600308352
5220.0,44954,0.400471,,,147.220548974673,128.14966896404866
5231.0,45053,0.625866,,,142.73114647493546,120.178019224392
5242.0,45146,1.335082,,,146.64752545234674,128.92978966130977
5250.0,45220,1.188561,,,144.71326395614864,125.67756229824634
5261.0,45319,0.173988,,,141.52581866911086,122.5981429987546
5265.0,45347,0.094373,,,143.42061097007786,118.11364524083471
5270.0,45385,1.154876,,,147.23215748645285,125.91295866012996
5281.0,45484,0.186948,,,146.67244903801162,126.36855884373885
5292.0,45583,0.261802,,,146.10482111880034,127.52554132814552
5299.0,45637,1.201740,,,140.60873296071998,124.31565475757971
5310.0,45736,0.497421,,,146.0616093710958,127.19139646304458
5321.0,45835,0.588823,,,146.70570559792867,126.30310385253057
5332.0,45934,0.414909,,,147.96214229885294,129.69232001855065
5343.0,46033,0.510501,,,147.04842332751087,130.65523890936308
5354.0,46132,0.431704,,,148.11559020309824,127.39815561456712
5365.0,46231,0.496527,,,147.82402674203465,129.7871571001685
5376.0,46330,0.406304,,,148.1115811553054,132.0637847969833
5387.0,46429,0.251257,,,147.3276671942992,127.70696624329939
5398.0,46528,0.447795,,,146.41517593549716,125.63770873459917
5405.0,46588,1.303930,,,139.18505955189104,110.70161354350743
5416.0,46687,0.451323,,,148.96297013331193,129.43072432494702
5427.0,46782,1.255756,,,147.74649012629658,128.18856558614252
5433.0,46837,0.150130,,,152.05815201660525,133.48759872236113
5442.0,46909,1.247520,,,147.47170303176506,122.67813834966172
5447.0,46956,1.195471,,,153.62010148865502,135.67605356572912
5458.0,47054,1.220287,,,144.502416404052,123.96381129641902
5469.0,47153,0.104631,,,139.4334867847881,117.18364575105691
5480.0,47252,0.215540,,,146.48563104442536,130.0444908216618
5484.0,47274,0.047274,,,147.32533368024232,129.9141235227312
5491.0,47342,0.246774,,,142.23025494132688,124.21169204936945
5502.0,47441,0.147433,,,150.35222309007392,132.5474225517864
5513.0,47540,0.225647,,,146.43069501271023,126.70527884439127
5524.0,47639,0.403605,,,143.46981569479198,123.67737559937844
5536.0,47738,0.115558,,,147.9973560615778,125.67345261312249
5541.0,47781,0.142288,,,151.8069712667512,135.1494244513222
5552.0,47880,0.297322,,,146.92980881406766,127.56121879559986
5563.0,47979,0.349424,,,146.59759183593448,129.1839950865734
5574.0,48078,0.075655,,,146.16034341739007,125.15659593024705
5585.0,48177,0.129998,,,144.57818825854872,124.02472844990145
5596.0,48276,0.207879,,,145.4585852756014,120.18938385506603
5607.0,48375,0.231051,,,144.88552070380155,126.13804583402673
5611.0,48398,0.036252,,,143.49641313946418,125.90575657146387
5621.0,48497,0.184348,,,151.13684055141118,129.90662181540264
5632.0,48596,0.276586,,,146.2007357514481,128.4475086570826
5644.0,48695,0.110576,,,149.233039855609,123.05720060639875
5648.0,48725,0.091039,,,148.68152568572603,131.05835426453768
5659.0,48824,0.310384,,,145.63672247006818,122.29308834548368
5663.0,48854,0.046301,,,141.90092724108413,110.77460125531994
5674.0,48953,0.194634,,,142.7348567770335,121.37977832027904
5678.0,48982,0.085360,,,144.67045155909304,120.95566880183652
5689.0,49081,0.319959,,,144.97386356236083,119.4704391510945
5693.0,49109,0.042118,,,157.4597070460174,138.24933976924254
5704.0,49208,0.143273,,,148.83436354190107,128.09352919117228
5708.0,49233,0.048170,,,153.3651855214694,132.02584790800515
5719.0,49332,0.108282,,,152.02805797968642,131.9110473203812
5730.0,49431,0.168527,,,148.4386627690909,127.53052443420044
5741.0,49530,0.129807,,,149.1794535605991,131.6697024368087
5752.0,49629,0.129400,,,139.1034291927986,110.07123149506798
5763.0,49728,0.161688,,,147.4086269155261,129.2151867461697
5774.0,49827,0.153303,,,146.2923163324823,126.10249837512634
5785.0,49926,0.161026,,,148.95406957471607,129.35409103477116
5796.0,50025,0.187488,,,148.2307438932881,130.86957571188333
5807.0,50124,0.131099,,,146.22005689034773,123.99063870911147
5818.0,50223,0.171036,,,146.14463586297654,126.76332539441741
5824.0,50267,0.145516,,,146.6758769342351,126.9134583432741
5835.0,50366,0.101019,,,149.64004359495854,132.2971362871462
5846.0,50465,0.112567,,,141.20975662334413,122.28115195362577
5857.0,50564,0.147043,,,145.68280978798538,124.64611098990191
5868.0,50663,0.124002,,,145.95853402641518,127.46463385458034
5879.0,50762,0.130427,,,145.93706027895334,128.1393532939983
5890.0,50861,0.152819,,,143.2185263915313,122.659328819287
5901.0,50960,0.121016,,,146.5538762003792,125.04025359162408
5912.0,51059,0.169995,,,150.30299854741563,131.9674769819781
5917.0,51093,0.045903,,,150.54284799011896,134.82736252516005
5925.0,51170,0.075699,,,142.5311458321817,121.08193391537415
5933.0,51232,0.092500,,,142.2176885482859,127.7187163899991
5944.0,51331,0.235618,,,145.19900118567858,124.22222291968706
5955.0,51430,0.081645,,,143.05987066758266,119.58396737413734
5966.0,51529,0.069242,,,144.36724170435443,125.57104058826614
5977.0,51628,0.135267,,,142.38891734608495,124.09564984946714
5988.0,51727,0.145372,,,152.11054230267015,126.10657892680065
5999.0,51826,0.118003,,,150.76430145325617,133.9785095282434
6010.0,51925,0.136772,,,143.25240186629424,126.0606745113131
6021.0,52024,0.261689,,,145.4800851862444,126.30390467929574
6032.0,52123,0.088996,,,149.53699336696837,135.99107028517165
6037.0,52155,0.075601,,,144.92409625270957,126.60608202572543
6048.0,52254,0.205497,,,150.63384806054893,128.5524241100362
6059.0,52353,0.213495,,,147.37477846040753,127.39928200507676
6068.0,52436,0.126516,,,149.43109726889404,128.94946086398895
6079.0,52535,0.229915,,,150.25288790326883,129.97456528091845
6090.0,52634,0.119347,,,147.31786575928498,126.36090058358857
6101.0,52733,0.145967,,,144.91546609489805,126.66358367746147
6112.0,52832,0.094668,,,136.06626298190864,110.39096218134223
6123.0,52931,0.105019,,,144.21165194130467,126.03969514718847
6134.0,53030,0.144503,,,142.09501226125113,119.37226613745196
6145.0,53129,0.175216,,,143.61592693503866,121.62735848354482
6157.0,53228,0.146194,,,144.27973206312973,125.0454383791491
6168.0,53327,0.257898,,,143.2780366648908,120.86065549752868
6179.0,53426,0.125851,,,143.48766284682208,125.06218403955434
6190.0,53525,0.135566,,,146.28384725763132,126.85357813485732
6201.0,53624,0.113968,,,143.69656052011393,124.8603592948462
6206.0,53666,0.117594,,,144.77627998965534,123.97024734028145
6217.0,53765,0.369300,,,142.699084985236,125.37981935878462
6228.0,53864,0.143396,,,141.39748115266718,122.52843303594862
6239.0,53963,0.122427,,,146.1187561852135,125.55435071088691
6250.0,54062,0.198940,,,142.02229074505638,125.1359978039991
6261.0,54161,0.104585,,,145.88649508307788,126.98221458308512
6272.0,54260,0.103882,,,145.02381518817953,129.17975634478668
6283.0,54359,0.171419,,,144.58758797381023,126.71460703364488
6294.0,54458,0.107490,,,145.46133247311457,127.11407226908477
6305.0,54557,0.150763,,,145.91273298035517,128.17599938111448
6316.0,54656,0.227339,,,143.6055324165648,124.28916231457255
6327.0,54755,0.142494,,,147.23433135783873,127.1859124822003
6334.0,54807,0.075860,,,147.8789759703625,125.12647001174177
6345.0,54906,0.237835,,,146.56653284728475,128.66060986102232
6355.0,54995,0.154277,,,148.58862692072552,128.1128278400299
6363.0,55065,0.196132,,,146.03011804546782,125.34612924283853
6374.0,55164,0.189233,,,142.11213546952519,123.6680303787538
6385.0,55263,0.313993,,,147.65447202179726,130.22357016575833
6396.0,55362,0.074280,,,143.24169430494663,123.57705959133679
6407.0,55461,0.195672,,,150.5501082701976,131.42776048259614
6418.0,55560,0.092251,,,140.79915115094994,119.747804419404
6428.0,55644,0.140376,,,142.55570300468997,125.72139724341363
6439.0,55743,0.121525,,,146.75901200258235,128.45433620021478
6444.0,55782,0.124251,,,150.01086944100322,126.96907127225491
6455.0,55881,0.353188,,,144.43567092591866,123.2202437705547
6461.0,55936,0.093099,,,142.01101320837432,119.60297553572254
6471.0,56019,0.138856,,,149.80673234937518,130.89284154036244
6482.0,56118,0.165871,,,145.2009423158099,125.09288771715231
6493.0,56217,0.097987,,,146.8046134168577,128.95547049152293
6504.0,56316,0.103817,,,142.20202265284055,123.4869605695624
6515.0,56415,0.331749,,,149.31268047562472,129.61575977687266
6519.0,56445,0.059804,,,142.409160930685,126.53243109993515
6530.0,56544,0.221869,,,145.43484601733317,129.11976294881552
6541.0,56643,0.321484,,,146.09009063444694,129.5409612372746
6552.0,56742,0.163790,,,147.81953354530762,129.54879166739144
6563.0,56841,0.373493,,,142.24843838946876,123.62357511630316
6574.0,56940,0.144264,,,147.50599544870747,132.68145694664517
6585.0,57039,0.190056,,,149.40559234175677,130.68877112193329
6596.0,57138,0.172400,,,145.7219958724334,126.11946792891929
6607.0,57237,0.205135,,,144.06309292911752,120.40570075469412
6618.0,57336,0.291777,,,142.91527596485557,126.1296709403689
6622.0,57357,0.058705,,,132.13063000287502,114.70781281375372
6627.0,57401,0.131023,,,140.62344715045847,114.49687269208314
6638.0,57500,0.123766,,,149.5127592131434,124.72186399942035
6648.0,57584,0.129399,,,147.70192604207216,129.99870365020217
6656.0,57654,0.168496,,,145.4611134937672,127.23214807885745
6667.0,57753,0.351607,,,143.74407971258577,125.11409779830669
6678.0,57849,0.113930,,,144.53843675214432,120.56256663374343
6689.0,57948,0.166180,,,143.26918378908564,121.84972759657398
6700.0,58047,0.166884,,,143.41683647920988,123.8214366139983
6706.0,58098,0.122532,,,146.21451271672748,132.10674859449279
6710.0,58126,0.077300,,,143.3607420829085,123.75439499726937
6721.0,58225,0.113486,,,143.83015698174486,121.37057674863071
6732.0,58324,0.105441,,,139.07457119492514,112.94592264939546
6743.0,58423,0.121556,,,146.42226014736707,127.01206157336672
6754.0,58522,0.151848,,,141.45401011312273,116.30357196107491
6759.0,58566,0.087347,,,154.09902657775038,133.52668353406958
6765.0,58612,0.150172,,,143.38205476448707,119.48069388853965
6776.0,58711,0.174260,,,143.57865272795817,119.96684499660401
6783.0,58774,0.139953,,,139.90938721929845,112.08776668533773
6794.0,58873,0.239561,,,145.2617147301916,124.73843286971795
6806.0,58972,0.252782,,,140.11811713806912,113.27618141938854
6817.0,59071,0.110290,,,141.8929959212066,119.99951519704476
6828.0,59170,0.322005,,,144.83152614025667,127.07281816683002
6839.0,59269,0.163306,,,140.71945773630057,118.57633458415164
6850.0,59368,0.077925,,,145.95172742758828,126.82457763975334
6861.0,59467,0.139647,,,140.69691131098682,119.65279153490864
6872.0,59566,0.126708,,,142.28797351009098,123.94943557202784
6883.0,59665,0.207531,,,139.76087518547888,113.37037869874877
6894.0,59764,0.204299,,,145.3394886829863,125.57906074033114
6905.0,59863,0.214904,,,147.72920227798977,128.32450618667147
6916.0,59962,0.173702,,,144.00289953890098,125.66921684590332
6927.0,60061,0.324914,,,151.7917693641856,134.18968178318715
6932.0,60101,0.098355,,,149.35663416131896,130.3273469818475
6943.0,60200,0.146948,,,147.96133890491421,123.74751734095717
6954.0,60299,0.150514,,,145.45273601794275,128.70257687704188
6965.0,60398,0.097851,,,140.5942442118875,115.30624172551732
6976.0,60497,0.135967,,,145.2990124813048,128.8494780109556
6982.0,60538,0.094397,,,148.00485057216832,132.31498428841823
6987.0,60583,0.150542,,,138.69225110141173,122.23769398579023
6998.0,60682,0.451009,,,145.51194552040718,125.2695048195049
7009.0,60781,0.207057,,,145.01447486108614,126.73855835725354
7020.0,60880,0.163607,,,140.6308415739415,119.87772375581575
7031.0,60979,0.175398,,,152.04411307769576,132.8639374368621
7042.0,61078,0.138974,,,146.05595909815065,129.1144281588542
7056.0,61177,0.137100,,,30.197080283662427,124.73951582399127
7068.0,61276,0.116375,,,153.38197256223322,133.56234467344774
7080.0,61375,0.169901,,,143.8341045688794,109.48889445500089
7091.0,61474,0.213766,,,146.61000960755203,129.91934062074918
7102.0,61573,0.111049,,,158.4602881809794,133.79437805342556
7113.0,61672,0.064946,,,148.1968889015581,129.5640390360022
7125.0,61771,0.094659,,,147.28466855277068,130.66694708744794
7136.0,61870,0.094277,,,151.0621972732376,130.26776460666764
7147.0,61969,0.153785,,,149.87629414953346,129.65261655961658
7158.0,62068,0.145208,,,151.05135911270878,132.85725441158982
7162.0,62095,0.044727,,,148.15485474669367,120.21699262859472
7173.0,62194,0.111121,,,143.57513996255466,125.5936687054837
7184.0,62293,0.249235,,,145.15698605551196,124.05939100741288
7195.0,62392,0.309817,,,147.18785668603547,124.1896747905161
7206.0,62491,0.098778,,,142.14976521622043,121.66691361085665
7217.0,62590,0.125170,,,152.2713203120727,132.03848996452868
7229.0,62689,0.155626,,,145.7044766113212,126.55164977301422
7240.0,62788,0.143405,,,148.0636232616838,128.03614019433292
7245.0,62832,0.133194,,,148.22372378130586,133.90321650266208
7256.0,62931,0.076924,,,143.96042878474242,124.56229743156183
7267.0,63030,0.134581,,,142.48398613924553,124.64609234894436
7279.0,63129,0.117813,,,144.78798083929877,123.91158542295568
7290.0,63228,0.205553,,,141.86221280042795,119.87384955574761
7301.0,63327,0.219313,,,150.50052483994028,128.8606854663892
7312.0,63426,0.182240,,,149.41784317910205,132.77070067444185
7322.0,63516,0.122005,,,147.14471468906058,128.9108257338438
7333.0,63615,0.155647,,,144.99634422377642,127.79208453056007
7344.0,63714,0.296268,,,149.34157314347397,130.99471438526533
7350.0,63757,0.077954,,,148.15955681412643,128.31490653175806
7361.0,63856,0.223809,,,146.94403343444654,129.25358355684665
7372.0,63955,0.140426,,,147.33562453397215,125.38697241207615
7383.0,64054,0.105134,,,147.08614851974858,126.38756483798633
7394.0,64153,0.115886,,,142.2385915562372,122.36257862349491
7404.0,64242,0.251268,,,151.34973558253628,128.34678027508505
7412.0,64303,0.152721,,,145.64764462629404,124.45869800465884
7415.0,64331,0.035899,,,150.61293196558685,131.46834098434556
7426.0,64430,0.187717,,,151.54019322021608,133.72838481731884
7437.0,64529,0.159203,,,145.63588864258125,123.47648232836698
7449.0,64628,0.146434,,,147.57278807121352,129.25936762755774
7460.0,64727,0.127541,,,141.95385320832153,123.73906490919332
7465.0,64761,0.068502,,,140.53114340865767,124.54706746882768
7475.0,64860,0.115531,,,145.35398324173093,124.89735623810404
7486.0,64959,0.141754,,,142.796459510455,125.58651098505341
7497.0,65050,0.133804,,,144.4091006617806,126.62119445161868
7508.0,65149,0.111166,,,148.78707804612912,127.19994209552443
7519.0,65248,0.153207,,,145.92178997302895,130.18778129374942
7530.0,65347,0.172607,,,146.18046200439107,125.04855010373078
7541.0,65446,0.242851,,,144.17628638804692,122.39344194206218
7552.0,65545,0.166657,,,145.35622986359945,124.75189344581095
7562.0,65632,0.097305,,,141.3274835607291,119.90208123372268
7573.0,65731,0.092885,,,139.3251921386157,120.96257176978548
7584.0,65830,0.100396,,,142.3462205740251,122.36890039012508
7595.0,65929,0.098232,,,146.06920660816274,127.94925595157187
7603.0,65997,0.212671,,,147.6394882972261,123.19231752868122
7614.0,66096,0.131333,,,143.21552886585795,125.30656249701704
7625.0,66195,0.253206,,,144.80288343904678,123.19630141822664
7636.0,66294,0.127920,,,148.7418356304079,127.74269963505121
7647.0,66393,0.333007,,,143.5084094903004,122.53458574390129
7658.0,66492,0.101520,,,145.40933326891806,127.73408093351563
7669.0,66591,0.102034,,,145.13963557202842,119.08253859313929
7681.0,66690,0.148097,,,144.91976962556987,125.54972258492107
7692.0,66789,0.113300,,,141.6243432106761,118.3447442509147
7703.0,66888,0.391209,,,149.63251206971043,128.92044495008602
7714.0,66987,0.094552,,,144.0080200431993,122.34057883326032
7725.0,67086,0.094703,,,151.51774521909536,129.22156514497016
7736.0,67185,0.152102,,,146.56064773346233,127.60316519913013
7747.0,67284,0.222823,,,146.90014126193276,124.15332088765193
7758.0,67383,0.079318,,,135.77859277941008,108.53471171546249
7769.0,67482,0.132000,,,144.4126096176842,123.01202119029607
7780.0,67581,0.374547,,,145.7888572704403,124.6487615839515
7791.0,67680,0.238393,,,142.97622554667606,121.81399753722465
7802.0,67779,0.121329,,,142.04321474085603,118.17447567537488
7813.0,67875,0.135543,,,143.929519732075,123.36565183836149
7824.0,67974,0.148650,,,142.3936277629374,123.74295410540792
7835.0,68073,0.197146,,,138.57592950005446,116.72320698509763
7846.0,68172,0.106608,,,140.82761192691223,115.71291874603908
7857.0,68271,0.142553,,,143.626166678417,120.14772885054991
7868.0,68370,0.139598,,,148.51103644725717,126.52031875855963
7879.0,68469,0.183800,,,145.86578506253926,127.33426630512953
7890.0,68568,0.160685,,,144.84941148894538,123.16052367628653
7901.0,68667,0.325247,,,148.6033248577468,129.78840365317416
7912.0,68766,0.108979,,,144.48941517756253,127.00800286592414
7917.0,68804,0.117023,,,145.33471677226325,126.65346253734074
7928.0,68903,0.103028,,,149.9017700526161,126.83838928022121
7939.0,69002,0.277611,,,147.99958623990776,126.97901879988787
7950.0,69101,0.269091,,,142.56481299141714,121.01386384179277
7959.0,69176,0.190891,,,147.08316810058483,128.22565745766443
7970.0,69275,0.233433,,,143.42406569804362,126.04475345839867
7981.0,69374,0.101697,,,140.78218951377613,120.68866302865803
7992.0,69473,0.129460,,,137.18570431139148,116.51261523572119
8003.0,69572,0.261973,,,148.5911539117758,129.81593761768895
8008.0,69608,0.112229,,,146.90660835730918,130.46888888929735
8020.0,69707,0.109506,,,147.2864519882521,120.21693773084058
8031.0,69806,0.360825,,,147.56128966867277,130.00389881766844
8042.0,69905,0.198635,,,138.73290623578873,106.4904298205578
8053.0,70004,0.180179,,,145.34562800474617,122.81309485198886
8061.0,70067,0.185492,,,141.93812663848686,121.7194922986604
8072.0,70166,0.147821,,,143.8599471601103,119.12170423731799
8083.0,70265,0.096736,,,139.87084896539784,123.55206859704936
8094.0,70364,0.124880,,,143.52280972826253,122.92543355505362
8105.0,70463,0.416120,,,143.97868570901315,124.93769358070763
8116.0,70562,0.111301,,,144.16756485982043,121.58440529671395
8127.0,70661,0.172409,,,144.70509837506532,119.17876676814144
8138.0,70760,0.376833,,,140.820681139174,125.04850320562453
8149.0,70859,0.335650,,,149.61541561404982,130.9317140148119
8159.0,70944,0.140692,,,148.08987855613321,131.54738292796765
8167.0,71018,0.218110,,,142.19342566795106,125.76890550351078
8174.0,71074,0.148717,,,142.43357773829507,119.19782959801441
8185.0,71173,0.190959,,,144.1677057330867,128.07520414375128
8196.0,71272,0.078627,,,146.27616045898952,127.1535940722856
8207.0,71371,0.341821,,,142.393641486295,117.21698831221619
8212.0,71409,0.102354,,,149.40047594274864,127.76870143523885
8223.0,71508,0.165745,,,146.67394060429922,129.5982562780162
8234.0,71607,0.281204,,,143.55000341453476,126.19018797947426
8245.0,71706,0.111114,,,140.9818703733971,122.6202836247867
8256.0,71805,0.198641,,,145.95147331099935,126.64325960927721
8267.0,71904,0.122587,,,145.24352051674188,126.19698789184915
8278.0,72003,0.176041,,,140.81447768109996,124.57029166733315
8289.0,72102,0.108691,,,149.00790043140617,129.056657254642
8293.0,72126,0.052424,,,144.10204384675018,123.05501400289371
8304.0,72225,0.216190,,,142.3141588947927,120.80268358092518
8308.0,72259,0.062247,,,143.05204525531974,121.40519519295151
8319.0,72358,0.116407,,,145.53426840613304,126.34992895491831
8330.0,72457,0.159315,,,142.15102905381505,125.7671355168067
8341.0,72556,0.139329,,,140.22499684322366,121.62350941805946
8352.0,72655,0.299148,,,141.47109218053913,122.96605535780432
8363.0,72754,0.150224,,,144.56801920691657,123.94086028878031
8375.0,72853,0.138570,,,146.43602104206101,128.76956484126583
8386.0,72952,0.200615,,,142.3909833421214,120.92145241464388
8397.0,73051,0.162146,,,147.69639763878445,129.12976019630833
8408.0,73150,0.149012,,,141.34552709723908,117.72704673595877
8421.0,73249,0.112644,,,146.22243597467522,124.73984568375633
8433.0,73348,0.131038,,,147.36654904790743,127.46813359274184
8444.0,73447,0.124423,,,147.6814420847784,123.69694240094208
8455.0,73546,0.158709,,,147.465839978904,125.80417489184619
8466.0,73645,0.155700,,,149.60205807484215,130.95294405228634
8477.0,73744,0.106913,,,141.90008575067654,112.90596723238168
8488.0,73843,0.070194,,,141.6713031462726,116.5783670945286
8499.0,73942,0.189830,,,146.82835165225225,127.5915893254249
8511.0,74041,0.172034,,,147.66263230877146,126.949951253958
8519.0,74117,0.118484,,,148.44314229103108,130.41222131305037
8530.0,74216,0.080073,,,151.6431600193878,132.14252133120175
8538.0,74280,0.125170,,,144.41474224463178,125.55698962736716
8549.0,74379,0.186936,,,145.68122147577128,129.66937135555165
8558.0,74460,0.153543,,,149.98984429841428,131.50023754719524
8569.0,74559,0.157420,,,153.27930126397243,134.31013694839163
8581.0,74658,0.086100,,,142.6539982109805,125.47387088729248
8592.0,74757,0.164401,,,143.63704287598068,125.80362728357758
8603.0,74856,0.130147,,,150.14244924073486,128.40393372493466
8614.0,74955,0.098698,,,150.89933925587638,132.01510444375992
8625.0,75054,0.113492,,,147.58117715435804,121.61937363037589
8636.0,75153,0.134325,,,147.33296000886736,130.0621590589842
8641.0,75188,0.077233,,,143.4726922408222,130.69243990869154
8652.0,75287,0.130853,,,149.31523827790033,128.29754848836922
8663.0,75386,0.138306,,,145.60397979304238,121.07215298805019
8670.0,75449,0.168600,,,149.46569253196463,132.5237123919779
8680.0,75533,0.145917,,,151.2489528095411,130.96058765390893
8691.0,75632,0.127904,,,149.9964455362989,133.29093259198262
8702.0,75731,0.078944,,,146.50586725326724,122.83742560857769
8711.0,75807,0.085308,,,142.1637825647852,121.0407421857998
8722.0,75906,0.271471,,,150.05781796010714,131.33453726102735
8733.0,76005,0.154876,,,147.82835266942905,127.31201808071333
8744.0,76104,0.149237,,,148.0005816559844,129.63297560032373
8755.0,76203,0.256534,,,141.8964109879393,118.38005418710809
8760.0,76236,0.042999,,,150.00056181851176,127.25762340423053
8771.0,76335,0.200683,,,141.63196342587148,125.0287566142045
8782.0,76434,0.334646,,,151.3138133646023,132.01262969450428
8793.0,76533,0.158050,,,147.65367240273383,126.23214565093913
8804.0,76632,0.120684,,,144.70881683012607,124.7736792496418
8815.0,76731,0.265176,,,146.1642799012198,128.0750630609699
8826.0,76830,0.113767,,,143.61517920994007,129.31248739835203
8837.0,76929,0.256695,,,144.16493643133074,122.54874026837169
8849.0,77028,0.143124,,,148.8667749083144,127.6700271236894
8860.0,77127,0.150441,,,148.67190196119876,129.02971077651344
8871.0,77226,0.190337,,,139.39907208564603,110.61259489346214
8882.0,77325,0.223581,,,140.6258888986332,117.12579667074556
8893.0,77424,0.136554,,,148.4316694050999,129.10474328383026
8904.0,77523,0.108706,,,145.62275431072118,126.77009075032457
8915.0,77622,0.289790,,,150.58112243808426,130.51083296619586
8920.0,77657,0.046871,,,148.56870291034835,132.98787693887985
8931.0,77756,0.221184,,,145.94149419214344,126.02468465027766
8941.0,77852,0.302325,,,148.05276720512043,127.78398169109926
8953.0,77951,0.174561,,,142.83554027109,117.79942197750806
8964.0,78050,0.298133,,,143.66287828436919,121.59617351254695
8975.0,78149,0.089228,,,149.20374527699383,130.51766019534662
8986.0,78248,0.213061,,,148.40014280739567,131.0315561645317
8997.0,78347,0.072211,,,147.001250877802,128.07413463875545
9008.0,78446,0.176224,,,145.18633092191777,125.3133334706247
9013.0,78487,0.093003,,,149.85806193990527,134.37401531374906
9023.0,78579,0.215523,,,152.6844184486395,132.16586642429948
9034.0,78678,0.153694,,,144.69600440933556,124.96652773435648
9040.0,78718,0.060759,,,154.37589532637375,132.3897141662968
9051.0,78817,0.123499,,,145.2473934917179,124.79253865337672
9062.0,78916,0.083345,,,145.31265177357392,127.71180369425734
9070.0,78988,0.203296,,,141.82969198492546,110.74929561083479
9081.0,79087,0.251387,,,146.03708392407984,127.30988508182716
9092.0,79186,0.312495,,,146.61086852253405,128.16835377174357
9103.0,79285,0.228394,,,147.52119685808103,127.80971444835045
9114.0,79384,0.151576,,,144.85445523985214,119.7420946950789
9125.0,79483,0.097110,,,146.66376011762037,124.44183171831354
9132.0,79542,0.130876,,,143.41585840275044,125.4726460400567
9143.0,79641,0.136503,,,147.5381819216186,129.62031952602052
9149.0,79691,0.121654,,,146.49019598203793,130.65455264801466
9160.0,79790,0.221244,,,137.91415870906093,113.70554311747318
9171.0,79889,0.182637,,,139.45883688574733,123.12053729209714
9182.0,79988,0.135397,,,138.07648004433446,115.00513647296358
9194.0,80087,0.122679,,,149.00982048784547,130.39685186862835
9205.0,80186,0.080726,,,139.1479989385508,118.09737105546928
9216.0,80285,0.282475,,,145.07296534987796,127.05676632653291
9224.0,80353,0.156382,,,144.74699027475924,127.09140826234362
9235.0,80452,0.182986,,,145.60373566650856,127.28644319039083
9246.0,80551,0.126083,,,146.12178502499108,123.93347498122428
9255.0,80635,0.121329,,,143.55613231208866,124.34967605421282
9266.0,80734,0.117721,,,142.87435581467906,122.71059758986907
9277.0,80833,0.101392,,,146.30756201888516,126.53970027509592
9288.0,80932,0.086920,,,148.33803459713272,130.76983310396326
9299.0,81031,0.130214,,,143.8813066094629,126.44070971337811
9310.0,81130,0.080761,,,146.11838351565433,124.13462956961395
9321.0,81229,0.164088,,,144.57915064034643,124.68777246676396
9327.0,81271,0.087356,,,144.01183267455886,123.02744408633835
9334.0,81334,0.158523,,,143.77543230463698,124.83711565357339
9345.0,81433,0.123898,,,144.70432404101356,124.91608762517691
9356.0,81532,0.094256,,,144.3066683550853,119.33422005759182
9367.0,81631,0.224936,,,142.56832699338307,120.14343012151957
9378.0,81730,0.103433,,,140.14068831365708,114.31126513730237
9389.0,81829,0.232023,,,142.2956301332585,119.99212277669577
9401.0,81928,0.145806,,,141.97555863778467,122.49657725878346
9412.0,82027,0.072632,,,143.2913814979397,124.1672228488213
9423.0,82126,0.215934,,,147.0596064470819,126.62704034502423
9434.0,82225,0.155766,,,141.28938503492697,120.38681632007068
9445.0,82324,0.250383,,,143.57986422502086,126.18469448469146
9456.0,82423,0.130119,,,143.49453730980835,124.83321969181414
9467.0,82522,0.178448,,,142.40450387341596,116.5962984587512
9478.0,82621,0.213800,,,141.50135305493626,121.91848885648444
9489.0,82720,0.170309,,,144.8133878363705,123.58109441207505
9494.0,82763,0.092610,,,137.0798462523339,121.38214154941106
9505.0,82862,0.290538,,,141.95748616087403,118.36496040543831
9516.0,82961,0.344308,,,140.40824318003374,122.9115423792836
9528.0,83060,0.199557,,,142.28318174226644,119.49555383028306
9539.0,83159,0.130999,,,141.99454057254638,128.20056887858289
9550.0,83258,0.090762,,,149.5698075452447,129.63681726502637
9561.0,83357,0.094456,,,139.81620575221874,119.2728886286271
9572.0,83456,0.104218,,,143.3082692242545,121.49664424796268
9580.0,83526,0.126717,,,145.11278336734875,122.78117080949488
9584.0,83559,0.083237,,,143.22486433142396,115.65179059094436
9595.0,83658,0.114481,,,145.88750527822134,126.87784604951867
9606.0,83757,0.198228,,,146.49345844369108,128.94175590629848
9617.0,83856,0.109816,,,146.430138390288,128.94085481386134
9628.0,83955,0.096721,,,144.0176030353622,122.77593239397322
9640.0,84054,0.115868,,,140.83401648614543,116.30359900645544
9651.0,84153,0.130330,,,144.5346879429962,122.89908317371398
9662.0,84252,0.286545,,,147.91850425539033,129.88224432631148
9673.0,84351,0.126703,,,148.37635864757692,123.33472225509661
9684.0,84450,0.184602,,,145.75570517153943,124.1984912399606
9695.0,84549,0.226246,,,144.4697614506254,123.34396847023798
9698.0,84574,0.051722,,,133.5474315946057,102.50549044785572
9709.0,84673,0.293544,,,141.1188486189678,124.33059167618178
9720.0,84772,0.217513,,,148.72553416903597,125.96234920200443
9731.0,84871,0.111029,,,149.29478234488963,127.78213655777327
9740.0,84909,0.083237,,,153.5022057413126,136.84477387096547
9751.0,85008,0.098891,,,149.43560368727245,132.46106135536198
9755.0,85029,0.047289,,,152.70266038798619,131.0203181050405
9765.0,85128,0.199713,,,152.27456860570376,134.70479699891814
9777.0,85227,0.170777,,,150.817547651253,130.68541677853503
9781.0,85253,0.037426,,,147.26359155687857,128.61936502458698
9792.0,85352,0.217558,,,149.09666217954077,129.68387351460683
9803.0,85451,0.162101,,,144.47778878734036,123.80412337037824
9809.0,85498,0.093041,,,143.48247480908927,128.21739105058165
9820.0,85597,0.117906,,,142.20956257288825,119.74128313878943
9831.0,85696,0.136796,,,150.75677043682916,131.1212892218426
9838.0,85758,0.069046,,,144.17955977375058,117.9203552079721
9849.0,85857,0.144219,,,143.33832361239786,125.45704314783376
9855.0,85899,0.052277,,,141.6322312058425,115.28801642429394
9866.0,85998,0.148264,,,142.68905864719892,125.15978211186885
9877.0,86097,0.185994,,,151.77037544376387,134.19738196666353
9888.0,86196,0.316321,,,142.73451475593873,120.94413539602924
9899.0,86295,0.275404,,,143.25541316318527,125.12877628970931
9911.0,86394,0.134745,,,144.50034658282775,125.16711688478037
9922.0,86493,0.243176,,,142.97005061689393,116.76131846293036
9933.0,86592,0.154891,,,152.4380521708953,131.32092595894662
9939.0,86643,0.144280,,,147.62669591971223,130.2724348174838
9950.0,86742,0.149256,,,147.75665525349098,130.32057193839935
9953.0,86763,0.055724,,,143.9665678328816,119.82227000843892
9964.0,86862,0.162103,,,147.8584369956692,129.72567610678925
9975.0,86961,0.095582,,,144.67755413282347,126.38364817738483
9987.0,87060,0.104289,,,144.78044811381722,126.15813164656677
9998.0,87159,0.235932,,,145.9870926393832,128.38398354022297
10009.0,87258,0.160796,,,145.8147230844766,126.16778058236848
10020.0,87357,0.139360,,,146.7583882707748,130.27223798512165
10031.0,87456,0.216883,,,137.30587104737057,113.59048082762965
10042.0,87555,0.102682,,,140.41943392567228,118.38435658551104
10053.0,87654,0.218692,,,143.42997631148774,121.62535849500593
10062.0,87724,0.152251,,,145.11292475271836,126.53689178570096
10073.0,87823,0.151415,,,148.31338912716825,129.02368422278977
10084.0,87922,0.150450,,,140.8364463200282,115.40126867437225
10093.0,88001,0.218625,,,144.50099056823206,125.83052233562853
10104.0,88100,0.169076,,,146.7989664624726,127.49761452479885
10115.0,88199,0.307366,,,143.88431596578033,124.0902817490565
10127.0,88298,0.122812,,,149.97792734076916,128.68387511113065
10138.0,88397,0.161132,,,150.80633358727505,131.87672152663427
10149.0,88496,0.159827,,,142.72365998732457,122.34473090030141
10159.0,88587,0.141957,,,143.88014650641625,125.09770129842306
10167.0,88649,0.147318,,,142.00332691196564,125.50114962624463
10178.0,88748,0.111499,,,146.4827847671044,123.88144039922702
10189.0,88847,0.066117,,,145.99218708640632,125.70315515188588
10198.0,88929,0.279662,,,147.21315498184106,124.80914185541577
10206.0,88993,0.139207,,,145.13012848913533,129.35875790128887
10217.0,89092,0.107250,,,146.63643740114523,127.92618680257674
10228.0,89191,0.111053,,,145.28478153606588,127.48937020085742
10239.0,89290,0.139173,,,147.6463698891551,126.73659553210139
10250.0,89389,0.196201,,,143.80391296050718,126.96474771985557
10261.0,89488,0.193139,,,145.37434601941888,121.39073479158048
10268.0,89543,0.094779,,,141.50443033772072,116.86715070391574
10279.0,89642,0.176961,,,148.15459534096445,122.3202657151966
10290.0,89741,0.150717,,,143.79652049951628,122.04546838004428
10301.0,89840,0.124925,,,147.82062078645328,123.99613658928509
10312.0,89939,0.102828,,,141.07969645358006,114.71682668738396
10339.0,90038,0.198282,,,,
